<?xml version="1.0" encoding="UTF-8"?>
<!DOCTYPE mapper PUBLIC "-//mybatis.org//DTD Mapper 3.0//EN" 
"http://mybatis.org/dtd/mybatis-3-mapper.dtd">
<mapper namespace="com.admin_voucher.dao.Activity_OCT_StatisticDao">

<select id="getDailyPurchaseStatistic"   resultType="ActivityOCTStatisticDTOResult">
   select sum(orders.activityInterest) as dailyTotalAmount,count(*) as firstPurchaser from orders 
   where
   DATE_FORMAT(createdAt ,'%Y-%m-%d') = DATE_FORMAT(NOW(),'%Y-%m-%d') 
   and  activityInterest != 0 and orderStatus = 20
 </select>
 
 <select id="getHisPurchaseStatistic"   resultType="ActivityOCTStatisticDTOResult">
   select sum(orders.activityInterest) as hisTotalAmount,count(*) as hisPurchaser from orders 
   where
   createdAt <![CDATA[  >=  ]]> '2015-11-04 00:00:00'
   and  activityInterest != 0 and orderStatus in (20,50,60)
 </select>
 
  <select id="getDailySendVoucherStatistic"   resultType="Integer">
   select count(*) as dailyVoucherNum from voucher 
   where
   DATE_FORMAT(effectiveTime,'%Y-%m-%d') = DATE_FORMAT(NOW(),'%Y-%m-%d')
 </select>
 
 <select id="getDailyUsedVoucherStatistic"   resultType="Integer">
   select count(*) as dailyUsedVoucherNum from voucher 
   where
   DATE_FORMAT(useDate,'%Y-%m-%d') = DATE_FORMAT(NOW(),'%Y-%m-%d')
   and useState = 3
 </select>
 
  <select id="getHisSendVoucherStatistic"   resultType="Integer">
   select count(*) as hisVoucherNum from voucher 
   where
   DATE_FORMAT(effectiveTime,'%Y-%m-%d') &lt; DATE_FORMAT(NOW(),'%Y-%m-%d')
 </select>
 
  <select id="getHisUsedVoucherStatistic"   resultType="Integer">
   select count(*) as hisUsedVoucherNum from voucher 
   where
   DATE_FORMAT(useDate,'%Y-%m-%d') &lt; DATE_FORMAT(NOW(),'%Y-%m-%d')
   and useState = 3
 </select>
</mapper>
