<?xml version="1.0" encoding="UTF-8"?>
<!DOCTYPE mapper PUBLIC "-//mybatis.org//DTD Mapper 3.0//EN" 
"http://mybatis.org/dtd/mybatis-3-mapper.dtd">
<mapper namespace="com.admin_fixed.dao.AgreementMapper">
  <sql id="baseSql">
    id,
	agreementType,
	agreementContent,
	agreementStatus,
	createdAt,
	updatedAt,
	agreementName
  </sql>
  <select id="getAll" resultType="Agreement">
        select  distinct  agreementName,id
         from productagreementtemplate
         order by id asc
  </select>
  
  <update id="update" parameterType="Agreement">
    update    productagreementtemplate 
    <set>
       updatedAt = NOW(), agreementStatus = #{agreementStatus},
      <if test="agreementcontent != null and agreementcontent != ''">
         agreementContent = #{agreementcontent},
      </if>
    </set>
    where id = #{id}
  </update>
  
  
  <select id="getByType" parameterType="Agreement" resultType="Agreement">
     select   
      <include refid="baseSql"/>
        from productagreementtemplate
        <where>
          agreementStatus = 1 and 
          agreementType = #{agreementtype}
        </where>
  </select>
  
  <select id="getInfo" parameterType="Agreement" resultType="Agreement">
    select   
      <include refid="baseSql"/>
        from productagreementtemplate
        <where>
          id = #{id}
        </where>
  </select>
  <select id="getByPage" parameterType="Map" resultType="Agreement">
     select
       <include refid="baseSql"/>
        from productagreementtemplate
        <where>
          <if test="t.id!=null">
            id = #{t.id}
          </if>
        </where>
        order by id desc
  </select>
  
   <insert id="save" parameterType="Agreement">
    insert into productagreementtemplate
    <trim prefix="(" suffix=")" suffixOverrides="," >
      <if test="agreementtype != null" >
        agreementtype,
      </if>
      <if test="agreementStatus != null" >
        agreementStatus,
      </if>
      <if test="createdat != null" >
        createdat,
      </if>
      <if test="updatedat != null" >
        updatedat,
      </if>
      <if test="agreementcontent != null" >
        agreementcontent,
      </if>
       <if test="agreementName != null" >
        agreementName,
      </if>
    </trim>
    <trim prefix="values (" suffix=")" suffixOverrides="," >
      <if test="agreementtype != null" >
       #{agreementtype},
      </if>
      <if test="agreementStatus != null" >
        #{agreementStatus},
      </if>
      <if test="createdat != null" >
        #{createdat},
      </if>
      <if test="updatedat != null" >
        #{updatedat},
      </if>
      <if test="agreementcontent != null" >
        #{agreementcontent},
      </if>
       <if test="agreementName != null" >
        #{agreementName},
      </if>
    </trim>
  </insert>
</mapper>
