<?xml version="1.0" encoding="UTF-8"?>
<!DOCTYPE mapper PUBLIC "-//mybatis.org//DTD Mapper 3.0//EN" 
"http://mybatis.org/dtd/mybatis-3-mapper.dtd">
<mapper namespace="com.admin_current.dao.CAproductsHistoryDao">
  <sql id="baseSql">
  	id,
	productIdentifier,
	productNo,
	productName,
	financingSumCount,
	subProductNo,
	unitPrice,
	nextEndSellTime,
	nextYield,
	enableSale,
	accName,
	accAgreemContent,
	conName,
	conAgreemContent,
	perRemainRedeemAmount,
	createTime,
	updateTime
  </sql>
  <select id="getInfo" parameterType="CAproductsHistory" resultType="CAproductsHistory">
       select
       <include refid="baseSql"/>
       from ca_products_history where subProductNo = #{productIdentifier}
  </select>
  <insert id="save" parameterType="CAproductsHistory">
    insert into ca_products_history
    <trim prefix="(" suffix=")" suffixOverrides="," >
      <if test="productIdentifier != null" >
        productIdentifier,
      </if>
      <if test="productNo != null" >
        productNo,
      </if>
      <if test="productName != null" >
        productName,
      </if>
      <if test="financingSumCount != null" >
        financingSumCount,
      </if>
      <if test="subProductNo != null" >
        subProductNo,
      </if>
       <if test="unitPrice != null" >
        unitPrice,
      </if>
       <if test="nextEndSellTime != null" >
        nextEndSellTime,
      </if>
       <if test="nextYield != null" >
        nextYield,
      </if>
       <if test="enableSale != null" >
        enableSale,
      </if>
       <if test="accName != null" >
        accName,
      </if>
       <if test="accAgreemContent != null" >
        accAgreemContent,
      </if>
       <if test="conName != null" >
        conName,
      </if>
       <if test="conAgreemContent != null" >
        conAgreemContent,
      </if>
       <if test="perRemainRedeemAmount != null" >
        perRemainRedeemAmount,
      </if>
       <if test="createTime != null" >
        createTime,
      </if>
       <if test="updateTime != null" >
        updateTime,
      </if>
    </trim>
    <trim prefix="values (" suffix=")" suffixOverrides="," >
       <if test="productIdentifier != null" >
        #{productIdentifier},
      </if>
      <if test="productNo != null" >
        #{productNo},
      </if>
      <if test="productName != null" >
        #{productName},
      </if>
      <if test="financingSumCount != null" >
        #{financingSumCount},
      </if>
      <if test="subProductNo != null" >
        #{subProductNo},
      </if>
       <if test="unitPrice != null" >
        #{unitPrice},
      </if>
       <if test="nextEndSellTime != null" >
        #{nextEndSellTime},
      </if>
       <if test="nextYield != null" >
        #{nextYield},
      </if>
       <if test="enableSale != null" >
        #{enableSale},
      </if>
       <if test="accName != null" >
        #{accName},
      </if>
       <if test="accAgreemContent != null" >
        #{accAgreemContent},
      </if>
       <if test="conName != null" >
        #{conName},
      </if>
       <if test="conAgreemContent != null" >
        #{conAgreemContent},
      </if>
       <if test="perRemainRedeemAmount != null" >
        #{perRemainRedeemAmount},
      </if>
       <if test="createTime != null" >
        #{createTime},
      </if>
       <if test="updateTime != null" >
        #{updateTime},
      </if>
    </trim>
  </insert>
</mapper>
