<?xml version="1.0" encoding="UTF-8"?>
<!DOCTYPE mapper PUBLIC "-//mybatis.org//DTD Mapper 3.0//EN" 
"http://mybatis.org/dtd/mybatis-3-mapper.dtd">
<mapper namespace="com.admin_current.dao.CAproductsDao">
  <sql id="baseSql">
    id,
	productIdentifier,
	enableSale,
	totalSaleAmount,
	totalInterest,
	totalRedeemAmount,
	totalRedeemInterest,
	subProductNo,
	perRemainRedeemAmount,
	accName,
	conName
  </sql>
  <select id="getInfo" parameterType="CAproducts" resultType="CAproducts">
       select
       <include refid="baseSql"/>
       from ca_products where productIdentifier = #{productIdentifier}
  </select>
  <insert id="save" parameterType="CAproducts">
    insert into ca_products
    <trim prefix="(" suffix=")" suffixOverrides="," >
     <if test="productIdentifier != null">
        productIdentifier,
      </if>
      <if test="enableSale != null">
        enableSale,
      </if>
      <if test="totalSaleAmount != null">
        totalSaleAmount,
      </if>
      <if test="totalInterest != null">
        totalInterest,
      </if>
       <if test="totalRedeemAmount != null">
        totalRedeemAmount,
      </if>
       <if test="totalRedeemInterest != null">
        totalRedeemInterest,
      </if>
       <if test="subProductNo != null">
        subProductNo,
      </if>
       <if test="perRemainRedeemAmount != null">
        perRemainRedeemAmount,
      </if>
       <if test="accName != null">
        accName,
      </if>
       <if test="conName != null">
        conName,
      </if>
    </trim>
    <trim prefix="values (" suffix=")" suffixOverrides="," >
     <if test="productIdentifier != null and productIdentifier != '' ">
        #{productIdentifier},
      </if>
      <if test="enableSale != null">
         #{enableSale},
      </if>
      <if test="totalSaleAmount != null">
       #{totalSaleAmount},
      </if>
      <if test="totalInterest != null and totalInterest != ''">
        #{totalInterest},
      </if>
       <if test="totalRedeemAmount != null">
        #{totalRedeemAmount},
      </if>
       <if test="totalRedeemInterest != null and totalRedeemInterest != '' ">
        #{totalRedeemInterest},
      </if>
       <if test="subProductNo != null and subProductNo != ''">
        #{subProductNo},
      </if>
       <if test="perRemainRedeemAmount != null and perRemainRedeemAmount != ''">
        #{perRemainRedeemAmount},
      </if>
       <if test="accName != null and accName != ''">
        #{accName},
      </if>
       <if test="conName != null and conName != ''">
        #{conName},
      </if>
    </trim>
  </insert>
  
  <update id="update" parameterType="CAproducts">
   update ca_products
   <set>
       <if test="productIdentifier != null and productIdentifier != '' ">
        productIdentifier=#{productIdentifier},
      </if>
      <if test="enableSale != null">
        enableSale = #{enableSale},
      </if>
      <if test="totalSaleAmount != null">
        totalSaleAmount = #{totalSaleAmount},
      </if>
      <if test="totalInterest != null and totalInterest != ''">
        totalInterest = #{totalInterest},
      </if>
       <if test="totalRedeemAmount != null">
        totalRedeemAmount = #{totalRedeemAmount},
      </if>
       <if test="totalRedeemInterest != null and totalRedeemInterest != '' ">
        totalRedeemInterest = #{totalRedeemInterest},
      </if>
       <if test="subProductNo != null and subProductNo != ''">
        subProductNo = #{subProductNo},
      </if>
       <if test="perRemainRedeemAmount != null and perRemainRedeemAmount != ''">
        perRemainRedeemAmount = #{perRemainRedeemAmount},
      </if>
       <if test="accName != null and accName != ''">
        accName = #{accName},
      </if>
       <if test="conName != null and conName != ''">
        conName = #{conName},
      </if>
   </set>
    where productIdentifier=#{productIdentifier} 
  </update>
</mapper>
