<?xml version="1.0" encoding="UTF-8"?>
<!DOCTYPE mapper PUBLIC "-//mybatis.org//DTD Mapper 3.0//EN" 
"http://mybatis.org/dtd/mybatis-3-mapper.dtd">
<mapper namespace="com.admin_current.dao.CAProdcutpackageDao">
<sql id="baseSql1">
	ca.packageId as packageId,
	ca.packageNo as packageNo,
	ca.packageSendDate as packageSendDate,
	ca.packageApplyStartData as packageApplyStartData,
	ca.packageApplyEndData as packageApplyEndData,
	ca.investmentProportion as investmentProportion,
	ca.packageMoney as packageMoney,
	ca.interestRate as interestRate,
	ca.packageStatus as packageStatus,
	ca.syncFlag as syncFlag,
	ca.accCheckFlag as accCheckFlag,
	ca.productType as productType,
	ca.packageType as packageType,
	ca.packageName as packageName,
	ca.createTime as createTime,
	ca.pledgeId as pledgeId,
	ca.entrustId as entrustId,
	ca.tomWithdraw as tomWithdraw,
	p.raiseStatus as raiseStatus
</sql>
  <sql id="baseSql">
  	packageId,
	packageNo,
	packageSendDate,
	packageApplyStartData,
	packageApplyEndData,
	investmentProportion,
	packageMoney,
	interestRate,
	packageStatus,
	syncFlag,
	accCheckFlag,
	productType,
	packageType,
	packageName,
	createTime,
	pledgeId,
	entrustId,
	tomWithdraw
  </sql>
  <select id="getInfo" parameterType="CAProdcutpackage" resultType="CAProdcutpackage">
       select
       <include refid="baseSql"/>
       from ca_prodcutpackage where packageNo = #{packageNo}
  </select>
  <select id="getByPage" parameterType="Map" resultType="CAProdcutpackage">
    select
       <include refid="baseSql1"/>
         from  ca_prodcutpackage ca left join ca_products_history cah 
         on ca.packageNo = cah.subProductNo left join ca_products cap 
         on cap.subProductNo = cah.subProductNo
         left join product p  on p.productIdentifier = cap.productIdentifier  
        <where>
         1=1
        <if test="t.packageNo != null and t.packageNo != ''">
         and ca.packageNo = #{t.packageNo}
         </if>
         <if test="t.packageSendDate != null and t.packageSendDate != ''">
         and  ca.packageSendDate = #{t.packageSendDate}
        </if>
        </where> 
        order by ca.packageId desc
  </select>
  <insert id="save" parameterType="CAProdcutpackage">
    insert into ca_prodcutpackage
    <trim prefix="(" suffix=")" suffixOverrides="," >
      <if test="packageNo != null" >
        packageNo,
      </if>
      <if test="packageSendDate != null" >
        packageSendDate,
      </if>
      <if test="packageApplyStartData != null" >
        packageApplyStartData,
      </if>
      <if test="packageApplyEndData != null" >
        packageApplyEndData,
      </if>
      <if test="investmentProportion != null" >
        investmentProportion,
      </if>
       <if test="packageMoney != null" >
        packageMoney,
      </if>
       <if test="interestRate != null" >
        interestRate,
      </if>
       <if test="packageStatus != null" >
        packageStatus,
      </if>
       <if test="accCheckFlag != null" >
        accCheckFlag,
      </if>
       <if test="productType != null" >
        productType,
      </if>
       <if test="packageType != null" >
        packageType,
      </if>
       <if test="packageName != null" >
        packageName,
      </if>
       <if test="createTime != null" >
        createTime,
      </if>
       <if test="pledgeId != null" >
        pledgeId,
      </if>
       <if test="entrustId != null" >
        entrustId,
      </if>
       <if test="tomWithdraw != null" >
        tomWithdraw,
      </if>
    </trim>
    <trim prefix="values (" suffix=")" suffixOverrides="," >
      <if test="packageNo != null" >
        #{packageNo},
      </if>
      <if test="packageSendDate != null" >
        #{packageSendDate},
      </if>
      <if test="packageApplyStartData != null" >
        #{packageApplyStartData},
      </if>
      <if test="packageApplyEndData != null" >
        #{packageApplyEndData},
      </if>
      <if test="investmentProportion != null" >
        #{investmentProportion},
      </if>
       <if test="packageMoney != null" >
        #{packageMoney},
      </if>
       <if test="interestRate != null" >
        #{interestRate},
      </if>
       <if test="packageStatus != null" >
        #{packageStatus},
      </if>
       <if test="accCheckFlag != null" >
        #{accCheckFlag},
      </if>
       <if test="productType != null" >
        #{productType},
      </if>
       <if test="packageType != null" >
        #{packageType},
      </if>
       <if test="packageName != null" >
        #{packageName},
      </if>
       <if test="createTime != null" >
        #{createTime},
      </if>
       <if test="pledgeId != null" >
        #{pledgeId},
      </if>
       <if test="entrustId != null" >
        #{entrustId},
      </if>
       <if test="tomWithdraw != null" >
        #{tomWithdraw},
      </if>
    </trim>
  </insert>
  
  <update id="update" parameterType="CAProdcutpackage">
   update ca_prodcutpackage
   <set>
    <if test="packageSendDate != null and packageSendDate != '' ">
        packageSendDate=#{packageSendDate},
      </if>
      <if test="packageApplyStartData != null and packageApplyStartData != ''">
        packageApplyStartData = #{packageApplyStartData},
      </if>
      <if test="packageApplyEndData != null and packageApplyEndData != ''">
        packageApplyEndData = #{packageApplyEndData},
      </if>
      <if test="investmentProportion != null and investmentProportion != ''">
        investmentProportion = #{investmentProportion},
      </if>
       <if test="packageMoney != null and packageMoney != ''">
        packageMoney = #{packageMoney},
      </if>
       <if test="interestRate != null and interestRate != '' ">
        interestRate = #{interestRate},
      </if>
       <if test="packageStatus != null and packageStatus != ''">
        packageStatus = #{packageStatus},
      </if>
       <if test="accCheckFlag != null and accCheckFlag != ''">
        accCheckFlag = #{accCheckFlag},
      </if>
       <if test="productType != null ">
        productType = #{productType},
      </if>
       <if test="packageType != null">
        packageType = #{packageType},
      </if>
       <if test="packageName != null and packageName != ''">
        packageName = #{packageName},
      </if>
       <if test="createTime != null and createTime !=''">
        createTime = #{createTime},
      </if>
       <if test="pledgeId != null and pledgeId != ''">
        pledgeId = #{pledgeId},
      </if>
       <if test="entrustId != null and entrustId != ''" >
        entrustId = #{entrustId},
      </if>
       <if test="tomWithdraw != null and tomWithdraw != ''" >
        tomWithdraw = #{tomWithdraw},
      </if>
   </set>
    where packageNo = #{packageNo} 
  </update>
</mapper>
