<?xml version="1.0" encoding="UTF-8"?>
<!DOCTYPE mapper PUBLIC "-//mybatis.org//DTD Mapper 3.0//EN" 
"http://mybatis.org/dtd/mybatis-3-mapper.dtd">
<mapper namespace="com.admin_current.dao.CAUserRedeemDao">
  <sql id="baseSql">
    ca.subProductNo as subPackageNo,
	ob.sn as sn,
	ob.orderIdentifier as orderIdentifier,
	u.cellphone as cellphone,
	ur.realName as realName,
	ob.principal as principal,
	ob.bankCardNo as bankCardNo,
	ob.redeemInterest as redeemInterest,
	ob.type as type,
	ob.status as status,
	ob.delayDate as delayDate,
	ob.createTime as createTime,
	ob.resultTime as resultTime
  </sql>
  <select id="getByPage" parameterType="Map" resultType="GetUserRedeemResponse">
        select
        <include refid="baseSql"/>
         from  ca_order_bill ob left join ca_products ca on ob.productIdentifier = ca.productIdentifier
		 left join product p on ca.productIdentifier = p.productIdentifier 
		 left join users u on u.userIdentifier = ob.userIdentifier
		 left join userrealinfo ur on ur.userIdentifier = u.userIdentifier
           <where>
                1 = 1
             <if test="t.phone != null and t.phone != ''">
                and u.cellphone = #{t.phone}
             </if>
             <if test="t.subPackageNo != null and t.subPackageNo != ''">
                and ca.subProductNo = #{t.subPackageNo}
             </if>
             <if test="t.type != null and t.type != 12">
                        and ob.type = #{t.type}
             </if>
            <if test="t.startDate != null and t.startDate != ''">
               <if test="t.endDate != null">
                  and ob.createTime between #{t.startDate} and #{t.endDate}
               </if>
               <if test="t.endDate == null">
                and ob.createTime <![CDATA[>=]]> #{t.startDate}
               </if>
            </if>
             <if test="t.startDate == null or t.startDate == ''">
               <if test="t.endDate != null">
                  and ob.createTime <![CDATA[<=]]> #{t.endDate}
               </if>
            </if>
           </where>
  </select>
</mapper>
