<?xml version="1.0" encoding="UTF-8"?>
<!DOCTYPE mapper PUBLIC "-//mybatis.org//DTD Mapper 3.0//EN" 
"http://mybatis.org/dtd/mybatis-3-mapper.dtd">
<mapper namespace="com.admin_voucher.dao.DailyUsersStatisticsDao">
<sql id="baseSql">
	id,
	date,
	source,
	authUserQuantity,
	registerQuantity,
	ordersQuantity,
	ordersAmount,
	firstPurchase
</sql>
 <select id="getOrderInformation"  resultType="Orders">
    select op.paySource as paySource,count(*) as orderQuantity,sum(o.amount) as orderAmount
    from  orders o
    inner join orderpaymentinfo op
    on o.orderIdentifier = op.orderIdentifier
    where o.orderStatus=20 and o.createdAt between date_sub(curdate(),interval 1 day) and curdate()
    group by op.paySource
    order by op.paySource asc
 </select>
 
 <select id="getUsersRegisterInformation"  resultType="Users">
    select count(u.signUpTime) as dailyUserQuantity,u.sourceType
    from users u
    where u.signUpTime between date_sub(curdate(),interval 1 day) and curdate()
    group by u.sourceType
    order by u.sourceType asc
 </select>
 
 <select id="getUsersVerifiedTimeInformation"  resultType="Users">
    select count(ui.verifiedTime) as authUserQuantity,u.sourceType
    from users u
    left join userrealinfo ui
    on u.userIdentifier = ui.userIdentifier
    where ui.verifiedTime between date_sub(curdate(),interval 1 day) and curdate() and ui.verified=1
    group by u.sourceType
    order by u.sourceType asc
 </select>
 
  <select id="getFirstPurchaser"  resultType="Users">
   select orders.userIdentifier,orders.createdAt,users.sourceType as sourceType
   from orders 
   left join users
   on orders.userIdentifier=users.userIdentifier
   where orders.orderStatus in (20,50,60)
   group by orders.userIdentifier
   having orders.createdAt
   between date_sub(curdate(),interval 1 day) and curdate()
 </select>
 
  <select id="getDailyUsersStatisticsByPage"  resultType="DailyUsersStatistics">
    select <include refid="baseSql"/> from daily_Users_Statistics order by date desc, source
 </select>
 
 <insert id="save" parameterType="DailyUsersStatistics">
    insert into daily_Users_Statistics
    <trim prefix="(" suffix=")" suffixOverrides="," >
      <if test="date != null" >
        date,
      </if>
      <if test="source != null" >
        source,
      </if>
      <if test="authUserQuantity != null" >
        authUserQuantity,
      </if>
      <if test="registerQuantity != null" >
        registerQuantity,
      </if>
      <if test="ordersQuantity != null" >
        ordersQuantity,
      </if>
      <if test="ordersAmount  != null" >
        ordersAmount,
      </if>
      <if test="firstPurchase  != null" >
        firstPurchase,
      </if>
    </trim>
    <trim prefix="values (" suffix=")" suffixOverrides="," >
      <if test="date != null" >
       #{date},
      </if>
      <if test="source != null" >
        #{source},
      </if>
      <if test="authUserQuantity != null" >
        #{authUserQuantity},
      </if>
        <if test="registerQuantity != null" >
        #{registerQuantity},
      </if>
      <if test="ordersQuantity != null" >
        #{ordersQuantity},
      </if>
       <if test="ordersAmount != null" >
        #{ordersAmount},
      </if>
      <if test="firstPurchase != null" >
        #{firstPurchase},
      </if>
    </trim>
  </insert>
 
</mapper>
