<?xml version="1.0" encoding="UTF-8"?>
<!DOCTYPE mapper PUBLIC "-//mybatis.org//DTD Mapper 3.0//EN" 
"http://mybatis.org/dtd/mybatis-3-mapper.dtd">
<mapper namespace="com.admin_fixed.dao.EnPayMoneyRecordsDao">
	<sql id="baseSql3">
		id,
		productIdentifier,
		enterpriseName,
		bankName,
		bankCard,
		payMoney,
		payFrom,
		payResult,
		payCreateTime,
		resultTime,
		batchNo,
		payStatus,
		characteristic
	</sql>
    <sql id="baseSql">
        ep.id as id,
		ep.productIdentifier as productIdentifier,
		ep.enterpriseName as enterpriseName,
		ep.bankName as bankName,
		ep.bankCard as bankCard,
		ep.payMoney as payMoney,
		ep.payFrom as payFrom,
		ep.payResult as payResult,
		ep.payCreateTime as payCreateTime,
		ep.resultTime as resultTime,
		ep.batchNo as batchNo,
		p.productNo as productNo
  </sql>
  <sql id="baseSql2">
    
    o.productIdentifier as productIdentifier,
	pr.bankName as bankName,
	pr.bankCard as bankCard,
	pr.enterpriseName as enterpriseName,
	pr.province as province,
	pr.city as city,
	sum(o.amount) as TotalSuccessOrderMoney,
	p.productType as productType,
	p.productNo as productNo,
	pr.id as id
  </sql>
  <select id="getByPage" parameterType="Map" resultType="EnterprisePayMoneyRecords">
       select
       <include refid="baseSql"/>
        from enterprise_paymoney_records ep left join product p on ep.productIdentifier = p.productIdentifier
        <where>
          1 = 1
          <if test="t.productNo != null and t.productNo != ''">
            and p.productNo = #{t.productNo}
          </if>
          <if test="t.enterpriseName != null and t.enterpriseName != ''">
           and ep.enterpriseName like '%${t.enterpriseName}%'
          </if>
        </where>
  </select>
  <select id="getEnPayMoneyRecordsInfo" parameterType="EnterprisePayMoneyRecords" resultType="EnterprisePayMoneyRecords">
       select
       <include refid="baseSql"/>
        from enterprise_paymoney_records ep left join product p on ep.productIdentifier = p.productIdentifier
        where ep.productIdentifier = #{productIdentifier} and ep.payFrom = #{payFrom}
  </select>
  <select id="searchEnPayMoneyInfo" parameterType="EnPayMoneyDTO" resultType="EnPayMoneyDTO">
    select
    <include refid="baseSql2"/>
    from  orders o 
	inner join orderpaymentinfo ord on o.orderIdentifier = ord.orderIdentifier 
	inner join product p on p.productIdentifier = o.productIdentifier 
	inner join product_enterprise pr on p.productIdentifier = pr.productIdentifier 
	where o.orderStatus = 20 and p.productIdentifier = #{productIdentifier} and ord.paySource = #{paySource}
  </select>
  <select id="getEnpayMoneyRecordsBy" parameterType="EnterprisePayMoneyRecords" resultType="EnterprisePayMoneyRecords">
	  select
	  <include refid="baseSql3"/>
	  from enterprise_paymoney_records where productIdentifier = #{productIdentifier} and payFrom = #{payFrom}
  
  </select>
  
  <insert id="save" parameterType="EnterprisePayMoneyRecords">
    insert into enterprise_paymoney_records(productIdentifier,enterpriseName,bankName,bankCard,payMoney,payFrom,payCreateTime,batchNo,payStatus,characteristic)
    values(#{productIdentifier},#{enterpriseName},#{bankName},#{bankCard},#{payMoney},#{payFrom},#{payCreateTime},#{batchNo},#{payStatus},2)
  </insert>
  <select id="getInfo" parameterType="EnterprisePayMoneyRecords" resultType="EnterprisePayMoneyRecords">
     select
     <include refid="baseSql3"/>
     from enterprise_paymoney_records where productIdentifier = #{productIdentifier} and paySource = #{paySource}
  </select>
  
  <update id="updatepayStatusBy" parameterType="EnterprisePayMoneyRecords">
    update enterprise_paymoney_records set payStatus = #{payStatus},resultTime = NOW(),payResult = #{payResult},characteristic = #{characteristic} where productIdentifier = #{productIdentifier} and payFrom = #{payFrom} and batchNo = #{batchNo}
  </update>
</mapper>
