<?xml version="1.0" encoding="UTF-8"?>
<!DOCTYPE mapper PUBLIC "-//mybatis.org//DTD Mapper 3.0//EN" 
"http://mybatis.org/dtd/mybatis-3-mapper.dtd">
<mapper namespace="com.balance.dao.GlobalParameterDao">
  <sql id="baseSql">
  	id,
	parameterKey,
	parameterValue,
	remark,
	createAt,
	updateAt
  </sql>
   <select id="getByPage" parameterType="Map" resultType="GlobalParameter">
	select 
       	  <include refid="baseSql"/>	
	from global_parameter 
 </select>

<select id="getGlobalParameterByOne" parameterType="GlobalParameter" resultType="GlobalParameter">
     select 
       	  <include refid="baseSql"/>	
	from global_parameter where parameterKey = #{parameterKey}
</select>
</mapper>
