<?xml version="1.0" encoding="UTF-8"?>
<!DOCTYPE mapper PUBLIC "-//mybatis.org//DTD Mapper 3.0//EN" 
"http://mybatis.org/dtd/mybatis-3-mapper.dtd">
<mapper namespace="com.admin_fixed.dao.OrderMapper">
  <sql id="baseSql">
  	id,
	extraInterest,
	interest,
	orderNo,
	productIdentifier,
	createdAt,
	orderType,
	settleDate,
	shareCount,
	userIdentifier,
	valueDate,
	yield,
	amount,
	orderStatus,
	orderIdentifier
  </sql>

  <sql id="Advance_Query_List">
	o.extraInterest as extraInterest,
	o.interest as interest,
	pay.transDesc as transDesc,
	pay.bankCardNo as suffixbankCardNo,
	pay.bankName as bankName,
	pay.resultAt as resultTime,
	o.orderNo as orderNo,
	o.createdAt as orderTime,
	o.amount as amount,
	o.virtualAmount as virtualAmount,
	o.settleDate as settleDate,
	o.shareCount as shareCount,
	o.orderStatus as orderStatus, 
	o.valueDate as valueDate,
	o.yield as yield,
	p.fullName as productName,
	p.lastDueDate as lastDueDate,
	p.productNo as productNo,
	p.productType as productType,
	p.extraYield as extraYield,
	p.interestSetDate as interestSetDate,
	i.cellphone as cellphone,
	i.credentialNo as credentialNo,
	i.realName as realName,
	i.appUser as appUser,
	o.activityInterest as activityInterest,
	pay.paySource as paySource
    
 </sql>

<sql id="End_Bill_Query">
	o.orderNo as orderNo,
	pay.resultAt as resultTime,
	o.amount as amount,
    p.fullName as productName,
    p.productNum as productNum,
    pay.paySource as paySource,
    o.yield as yield,
    p.extraYield as extraYield,
    o.interest as interest,
    o.extraInterest as extraInterest,
    o.activityInterest as activityInterest,
    i.realName as realName,
    i.credentialNo as credentialNo,
    p.beginTime as valueDate,
    p.interestSetDate as settleDate,
    o.virtualAmount as virtualAmount
</sql>
 
  <sql id="Advance_Query_List1">
	o.extraInterest as extraInterest,
	o.interest as interest,
	pay.transDesc as transDesc,
	pay.bankCardNo as suffixbankCardNo,
	pay.bankName as bankName,
	pay.resultAt as resultTime,
	o.orderNo as orderNo,
	o.createdAt as orderTime,
	o.amount as amount,
	o.settleDate as settleDate,
	o.shareCount as shareCount,
	o.orderStatus as orderStatus, 
	o.valueDate as valueDate,
	o.yield as yield,
	p.fullName as productName,
	p.lastDueDate as lastDueDate,
	p.productNo as productNo,
	p.productType as productType,
	p.extraYield as extraYield,
	i.cellphone as cellphone,
	i.credentialNo as credentialNo,
	i.realName as realName,
	o.activityInterest as activityInterest,
	(o.amount + o.interest + o.extraInterest + o.activityInterest) as paymentAmount
 </sql>
 
 <sql id="Advance_Query_List5">
	count(*) as countSize,
	sum(o.extraInterest) as sumextraInterest,
	sum(o.interest) as suminterest,
	sum(o.amount) as sumamount,
    sum(o.activityInterest) as activityInterest,
	(sum(o.extraInterest) + sum(o.interest) + sum(o.amount) + sum(o.activityInterest)) as sumMoney
 </sql>
 
 <sql id="Advance_Query_List2">
	o.extraInterest as extraInterest,
	o.interest as interest,
	pay.transDesc as transDesc,
	pay.bankCardNo as suffixbankCardNo,
	pay.bankName as bankName,
	pay.resultAt as resultTime,
	pay.bankCardNo as bankCardNo,
	o.orderNo as orderNo,
	o.createdAt as orderTime,
	o.amount as amount,
	o.virtualAmount as virtualAmount,
	o.settleDate as settleDate,
	o.shareCount as shareCount,
	o.orderStatus as orderStatus, 
	o.valueDate as valueDate,
	o.yield as yield,
	p.fullName as productName,
	p.lastDueDate as lastDueDate,
	p.productNo as productNo,
	p.productType as productType,
	p.extraYield as extraYield,
	i.cellphone as cellphone,
	i.credentialNo as credentialNo,
	i.realName as realName,
	i.userIdentifier as uuid,
	(select  bankName  from usersbankcards where bankCardNo =  pay.bankCardNo) as bankName,
	(select  cityName  from usersbankcards where bankCardNo =  pay.bankCardNo) as city,
	(o.amount + o.interest + o.extraInterest + o.activityInterest) as paymentAmount
	
 </sql>
  <select id="getInfo" parameterType="Orders" resultType="Orders">
     select 
     <include refid="baseSql"/>
      from orders where orderStatus = 20 and  productIdentifier = #{productIdentifier} 
  </select>
  <select id="getAll" parameterType="Orders" resultType="Orders">
     select 
     <include refid="baseSql"/>
      from orders where orderStatus = 20 and  productIdentifier = #{productIdentifier} 
  </select>
  
   <select id="getOrdersByPage" parameterType="Map" resultType="OrderDetailDTOResult">
	select 
       	  <include refid="Advance_Query_List"/>	
	from orders o inner join orderpaymentinfo pay on o.orderIdentifier=pay.orderIdentifier
	              inner join orderinvestorinfo i on o.orderIdentifier=i.orderIdentifier
		      inner join product p on o.productIdentifier=p.productIdentifier 
	<where>
	 <if test="t.productIdentifier != null and t.productIdentifier != ''">
	          p.productIdentifier = #{t.productIdentifier}
	 </if>
	 <if test="t.orderStatus != null and t.orderStatus != ''">
	        <if test="t.orderStatus == 40">
	            and  o.orderStatus = 20 and NOW() &gt; p.interestSetDate
	        </if>
	        <if test="t.orderStatus != 40">
	            and  o.orderStatus = #{t.orderStatus}
	        </if>
	 </if>
	  <if test="t.orderNo != null and t.orderNo != ''">
	         and  o.orderNo = #{t.orderNo}
	 </if>
	 <if test="t.paySource != null and t.paySource != ''">
	         and pay.paySource = #{t.paySource}
	 </if>

    <if test="t.orderType != null and t.orderType != ''">
        and o.orderType = #{t.orderType}
    </if>
    <if test="t.realname != null and t.realname != ''">
        and i.realname LIKE '%${t.realname}%'
    </if>
    <if test="t.cellphone != null and t.cellphone != ''">
        and i.cellphone LIKE '%${t.cellphone}%'
    </if>
	 
	</where>
	order by o.createdAt desc
 </select>

    <!--查询对账账单-->
    <select id="getCheckBill" parameterType="Map" resultType="OrderDetailDTOResult">
        select o.virtualAmount as virtualAmount, o.orderNo,p.resultAt as resultTime,o.amount,i.cellphone,i.realName, product.productNo, product.productNum
        from orders o inner join orderinvestorinfo i on o.orderIdentifier=i.orderIdentifier
        inner join orderpaymentinfo p on o.orderIdentifier=p.orderIdentifier
        left join product on o.productIdentifier=product.productIdentifier
        where o.orderStatus=#{t.orderStatus} and p.paySource=#{t.paySource} and resultAt between #{start} and #{end};
    </select>

    <!--查询产品结束账单-->
    <select id="getEndBill" parameterType="Map" resultType="OrderDetailDTOResult">
        select
        <include refid="End_Bill_Query"/>
        from orders o inner join orderpaymentinfo pay on o.orderIdentifier=pay.orderIdentifier
        inner join orderinvestorinfo i on o.orderIdentifier=i.orderIdentifier
        inner join product p on o.productIdentifier=p.productIdentifier
        <where>
            <if test="t.productIdentifier != null and t.productIdentifier != ''">
                p.productIdentifier = #{t.productIdentifier}
            </if>
	    and o.orderStatus in (20,40,50,60)
        </where>
        order by o.createdAt desc
    </select>

    <select id="getSuccessByPage" parameterType="Map" resultType="OrderDetailDTOResult">
	 select 
       	  <include refid="Advance_Query_List1"/>	
	 from orders o inner join orderpaymentinfo pay on o.orderIdentifier=pay.orderIdentifier
	              inner join orderinvestorinfo i on o.orderIdentifier=i.orderIdentifier
		      inner join product p on o.productIdentifier=p.productIdentifier
	<where>
		o.orderStatus = 20 and pay.paySource = #{t.paySource}
	 <if test="t.productIdentifier != null and t.productIdentifier != ''">
	          and p.productIdentifier = #{t.productIdentifier}
	 </if>
	 <if test="t.orderStatus != null and t.orderStatus != ''">
	         and  o.orderStatus = #{t.orderStatus}
	 </if>
	  <if test="t.orderNo != null and t.orderNo != ''">
	         and  o.orderNo = #{t.orderNo}
	 </if>
	 
	</where>
	order by o.createdAt desc
 </select> 
 
 
 <select id="getSuccessOrders" parameterType="Orders" resultType="OrdersEx">
    select 
       	  <include refid="Advance_Query_List5"/>	
	 from orders o inner join orderpaymentinfo pay on o.orderIdentifier=pay.orderIdentifier
	              inner join orderinvestorinfo i on o.orderIdentifier=i.orderIdentifier
		      inner join product p on o.productIdentifier=p.productIdentifier
	<where>
	o.orderStatus = 20  and p.productIdentifier = #{productIdentifier} and pay.paySource = #{paySource}
	 </where>
 </select>
 
 
 
 <select id="getSuccessOrdersList" parameterType="SreceivedPaymentDTO" resultType="OrderDetailDTOResult">
           select 
       	  <include refid="Advance_Query_List2"/>	
	      from orders o inner join orderpaymentinfo pay on o.orderIdentifier=pay.orderIdentifier
	                          inner join orderinvestorinfo i on o.orderIdentifier=i.orderIdentifier
		                      inner join product p on o.productIdentifier=p.productIdentifier
	       where  o.orderStatus = 20  and o.productIdentifier = #{productIdentifier} and pay.paySource = #{payFrom}
 </select>
 
   <select id="getSuccessOrdersListBy" parameterType="Map" resultType="Orders">
    select 
       	  <include refid="Advance_Query_List2"/>	
	      from orders o inner join orderpaymentinfo pay on o.orderIdentifier=pay.orderIdentifier
	                          inner join orderinvestorinfo i on o.orderIdentifier=i.orderIdentifier
		                      inner join product p on o.productIdentifier=p.productIdentifier
	       where  p.productNo = #{productNo} and pay.paySource = #{payFrom}
 </select>
  <select id="getSuccessOrdersListBys" parameterType="Map" resultType="Orders">
    select 
       	  <include refid="Advance_Query_List2"/>	
	      from orders o inner join orderpaymentinfo pay on o.orderIdentifier=pay.orderIdentifier
	                          inner join orderinvestorinfo i on o.orderIdentifier=i.orderIdentifier
		                      inner join product p on o.productIdentifier=p.productIdentifier
	       where o.orderStatus = 20 and p.productNo = #{productNo} and pay.paySource = #{payFrom}
 </select>
 
 
 <select id="getSuccessOrdersLists" parameterType="Productextend" resultType="OrderDetailDTOResult">
           select 
       	  <include refid="Advance_Query_List2"/>	
	      from orders o inner join orderpaymentinfo pay on o.orderIdentifier=pay.orderIdentifier
	                          inner join orderinvestorinfo i on o.orderIdentifier=i.orderIdentifier
		                      inner join product p on o.productIdentifier=p.productIdentifier
		                      inner join backend_return_product rp on rp.productIdentifier=o.productIdentifier
	       where  o.orderStatus = 50  and o.productIdentifier = #{productIdentifier} and rp.productPayBatchNo = #{productPayBatchNo}
 </select>
 
 <update id="updateOrderStatus" parameterType="OrderDetailDTOResult">
    update orders set orderStatus = #{orderStatus} where orderNo = #{orderNo} and orderStatus = 20
 </update>
 <update id="updateOrders" parameterType="Orders">
   update orders set orderStatus = #{orderStatus} where orderNo = #{orderNo}
 </update>
</mapper>
