<?xml version="1.0" encoding="UTF-8"?>
<!DOCTYPE mapper PUBLIC "-//mybatis.org//DTD Mapper 3.0//EN" 
"http://mybatis.org/dtd/mybatis-3-mapper.dtd">
<mapper namespace="com.admin_fixed.dao.ProductMapper">
    <sql id="baseSql">
	id,
	fullName,
	amount,
	unitPrice,
	minNum,
	maxNum,
	yield,
	period,
	productNo,
	raiseStatus,
	checkStatus,
	productType,
	lastDueDate,
	realAmount,
	createdAt,
	updatedAt,
	wholeNum,
	tMode,
	productNum,
	name,
	payoutDate,
	interestSetDate,
	beginTime,
	endTime,
	extraYield,
	productIdentifier,
	launchTime
  </sql>
   <sql id="baseSql2">
	p.id as id,
	p.fullName as fullName,
	p.amount as amount,
	p.unitPrice as unitPrice,
	p.minNum as minNum,
	p.maxNum as maxNum,
	p.yield as yield,
	p.period as period,
	p.productNo as productNo,
	p.raiseStatus as raiseStatus,
	p.checkStatus as checkStatus,
	p.productType as productType,
	p.lastDueDate as lastDueDate,
	p.realAmount as realAmount,
	p.createdAt as createdAt,
	p.updatedAt as updatedAt,
	p.wholeNum as wholeNum,
	p.tMode as tMode,
	p.productNum as productNum,
	p.name as name,
	p.payoutDate as payoutDate,
	p.interestSetDate as interestSetDate,
	p.beginTime as beginTime,
	p.endTime as endTime,
	p.extraYield as extraYield,
	p.productIdentifier as productIdentifier,
	p.launchTime as launchTime,
	pd.feature as feature,
	pd.borrowType as borrowType,
	pd.purpose as purpose,
	pd.association as association,
	pd.assure as assure,
	pd.riskControl as riskControl
  </sql>
    <sql id="baseSql3">
	p.id as id,
	p.fullName as fullName,
	p.amount as amount,
	p.unitPrice as unitPrice,
	p.minNum as minNum,
	p.maxNum as maxNum,
	p.yield as yield,
	p.period as period,
	p.productNo as productNo,
	p.raiseStatus as raiseStatus,
	p.checkStatus as checkStatus,
	p.productType as productType,
	p.lastDueDate as lastDueDate,
	p.realAmount as realAmount,
	p.createdAt as createdAt,
	p.updatedAt as updatedAt,
	p.wholeNum as wholeNum,
	p.tMode as tMode,
	p.productNum as productNum,
	p.name as name,
	p.payoutDate as payoutDate,
	p.interestSetDate as interestSetDate,
	p.beginTime as beginTime,
	p.endTime as endTime,
	p.extraYield as extraYield,
	p.productIdentifier as productIdentifier,
	p.launchTime as launchTime,
	pd.feature as feature,
	pd.borrowType as borrowType,
	pd.purpose as purpose,
	pd.association as association,
	pd.assure as assure,
	pd.riskControl as riskControl,
	pe.bankName as bankName,
	pe.bankCard as bankCard,
	pe.enterpriseName as enterpriseName,
	pe.province as province,
	pe.city as city
  </sql>
  <sql id="baseSql1">
	p.id,
	p.fullName,
	p.amount,
	p.unitPrice,
	p.minNum,
	p.maxNum,
	p.yield,
	p.period,
	p.productNo,
	p.raiseStatus,
	p.checkStatus,
	p.productType,
	p.lastDueDate as lastDueDateStr,
	p.realAmount,
	p.createdAt,
	p.updatedAt,
	p.wholeNum,
	p.tMode,
	p.productNum,
	p.name,
	p.payoutDate,
	p.interestSetDate as interestSetDateStr,
	p.beginTime as beginTimeStr,
	p.endTime as endTimeStr,
	p.extraYield,
	p.productIdentifier,
	p.launchTime,
	pd.feature as feature,
	pd.borrowType as borrowType,
	pd.purpose as purpose,
	pd.association as association,
	pd.assure as assure,
	pd.riskControl as riskControl
  </sql>
  <sql id="baseSql5">
	p.id,
	p.fullName,
	p.amount,
	p.unitPrice,
	p.minNum,
	p.maxNum,
	p.yield,
	p.period,
	p.productNo,
	p.raiseStatus,
	p.checkStatus,
	p.productType,
	p.lastDueDate as lastDueDateStr,
	p.realAmount,
	p.createdAt,
	p.updatedAt,
	p.wholeNum,
	p.tMode,
	p.productNum,
	p.name,
	p.payoutDate,
	p.interestSetDate as interestSetDateStr,
	p.beginTime as beginTimeStr,
	p.endTime as endTimeStr,
	p.extraYield,
	p.productIdentifier,
	p.launchTime,
	pd.feature as feature,
	pd.borrowType as borrowType,
	pd.purpose as purpose,
	pd.association as association,
	pd.assure as assure,
	pd.riskControl as riskControl,
	pe.bankName as bankName,
	pe.bankCard as bankCard,
	pe.enterpriseName as enterpriseName,
	pe.province as province,
	pe.city as city
  </sql>
  
 <update id="updateProductInfo" parameterType="Product">
    update product 
    <set>
     <if test="updatedAt != null and updatedAt !='' ">
       updatedAt = #{updatedAt},
      </if>
      <if test="name != null and name !='' ">
       name = #{name},
      </if>
      <if test="amount != null and amount != ''">
      amount = #{amount}, 
      </if>
      <if test="unitPrice != null and unitPrice != ''">
       unitPrice = #{unitPrice},
      </if>
      <if test="minNum != null">
       minNum = #{minNum},
      </if>
      <if test="maxNum != null">
      maxNum = #{maxNum},
      </if>
      <if test="yield != null and yield != ''">
      yield = #{yield},
      </if>
      <if test="period != null and period!= ''">
      period = #{period},
      </if>
      <if test="tMode != null">
      tmode = #{tMode},
      </if>
      <if test="productNum != null">
      productNum = #{productNum},
      </if>
      <if test="wholeNum != null">
      wholeNum = #{wholeNum},
      </if>
      <if test="interestSetDate != null and interestSetDate != ''">
      interestSetDate = #{interestSetDate},
      </if>
      <if test="lastDueDate != null and lastDueDate != ''">
      lastDueDate = #{lastDueDate},
      </if>
      <if test="beginTime != null and beginTime != ''">
      beginTime = #{beginTime},
      </if>
      <if test="endTime != null and endTime != ''">
      endTime = #{endTime},
      </if>
      <if test="extraYield != null and extraYield !=''">
      extraYield = #{extraYield},
      </if>
    </set>
    where productNo = #{productNo}
 </update>
  
  <sql id="statusSql">
       <if  test="t.raiseStatus == 10">
	          raiseStatus = 10 and   beginTime   &gt; NOW() and  checkStatus != 1
	   </if>
	   <if  test="t.raiseStatus == 20">
                raiseStatus = 10 and   (NOW() between  beginTime   and endTime) and  checkStatus != 1
	   </if>  
	   <if test="t.raiseStatus == 30">
	         raiseStatus = 10 and     endTime  &lt;now() and  checkStatus != 1
	   </if>
 	   <if  test="t.raiseStatus == 50">
	         raiseStatus = 50 and  interestSetDate  &gt; NOW() and  checkStatus != 1
       	</if> 
       	<if  test="t.raiseStatus == 60"> 
	         raiseStatus = 50 and  interestSetDate  &lt; NOW() and  checkStatus != 1
       	</if> 
       <if test="t.raiseStatus == 80">
            raiseStatus = 80 and  checkStatus != 1
       </if>
        <if test="t.raiseStatus == 90">
            checkStatus = 1 and raiseStatus = 10
       </if>
  </sql> 
  <select id="getByPage" parameterType="Map" resultType="Product">
    select
       <include refid="baseSql"/>
        from product  
        <where>
         <choose>
            <when test="t.productNum != null">
                  productNum = #{t.productNum}
                  <if test="t.raiseStatus != null and t.raiseStatus != '' ">
                      and  <include refid="statusSql"/> 
                  </if>
           </when>
           <otherwise>
                 <if test="t.raiseStatus != null and t.raiseStatus != '' ">
                      and  <include refid="statusSql"/> 
                  </if>
           </otherwise>
        </choose>
        </where> 
        order by id desc
  </select>
  <select id="checkProductNumber" parameterType="Product" resultType="Product">
   select
       <include refid="baseSql"/>
        from product
        where productNum = #{productNum} and productType = #{productType}
  </select>
  <select id="getProductByIdentifier" parameterType="Product" resultType="Product">
       select
       <include refid="baseSql"/>
        from product
        where productIdentifier = #{productIdentifier}
  </select>
  <select id="getProductForAccount" parameterType="Product" resultType="Product">
   select
       <include refid="baseSql"/>
        from product
        where productIdentifier = #{productIdentifier} and checkStatus = #{checkStatus}
  </select>
  <select id="getProByNo" parameterType="Product" resultType="Product">
       select
       <include refid="baseSql"/>
        from product
        where productNo = #{productNo}
  </select>
  <update id="updateProductStatus" parameterType="Product">
       update product set checkStatus = #{checkStatus},raiseStatus = #{raiseStatus},launchTime = NOW() where productNo = #{productNo}
  </update>
  
  <update id="updateProStatus" parameterType="Product">
       update product set checkStatus = #{checkStatus} where productNo = #{productNo}
  </update>
  
  <update id="updateProifnoStatus" parameterType="Product">
       update product set raiseStatus = #{raiseStatus} where productIdentifier = #{productIdentifier}
  </update>
  <select id="getInfo" parameterType="Product" resultType="Product">
       select
       <include refid="baseSql3"/>
        from product p inner join product_desc pd on p.productIdentifier = pd.productIdentifier left join product_enterprise pe on pe.productIdentifier = p.productIdentifier where p.id = #{id}
  </select>
  <select id="getInfos" parameterType="Product" resultType="Product">
      select
       <include refid="baseSql5"/>
        from product p inner join product_desc pd on p.productIdentifier = pd.productIdentifier left join product_enterprise pe on pe.productIdentifier = p.productIdentifier where p.id = #{id}
  </select>
 <insert id="save" parameterType="Product">
   insert into product(name,fullName,amount,unitPrice,minnum,maxnum,yield,period,productNo,
   productType,createdAt,tmode,productNum,wholeNum,interestSetDate,lastDueDate,beginTime,endTime,extraYield,productIdentifier,raiseStatus)
   values
   (#{name},#{fullName},#{amount},#{unitPrice},#{minNum},#{maxNum},#{yield},#{period},#{productNo},#{productType},NOW(),#{tMode},
   #{productNum},#{wholeNum},#{interestSetDate},#{lastDueDate},#{beginTime},#{endTime},#{extraYield},#{productIdentifier},#{productType})
 </insert>
 <update id="updateCheckStatusForEnPayMoney" parameterType="Product">
   update product set checkStatus = #{checkStatus} where productIdentifier = #{productIdentifier} and checkStatus = 3
 </update>
</mapper>
