<?xml version="1.0" encoding="UTF-8"?>
<!DOCTYPE mapper PUBLIC "-//mybatis.org//DTD Mapper 3.0//EN" 
"http://mybatis.org/dtd/mybatis-3-mapper.dtd">
<mapper namespace="com.admin_fixed.dao.ProductDescDao">
  <insert id="save" parameterType="ProductDesc">
    insert into product_desc(feature,borrowType,purpose,association,assure,riskControl,productIdentifier)
    values 
    (#{feature},#{borrowType},#{purpose},#{association},#{assure},#{riskControl},#{productIdentifier})
  </insert>
  <update id="update" parameterType="ProductDesc">
    update product_desc
    <set>
      <if test="productIdentifier != null and productIdentifier != '' ">
       productIdentifier = #{productIdentifier},
     </if>
     <if test="feature != null and feature != '' ">
      feature = #{feature},
     </if>
     <if test="borrowType != null and borrowType != '' ">
      borrowType = #{borrowType},
     </if>
     <if test="purpose != null and purpose != '' ">
      purpose = #{purpose},
     </if>
     <if test="association != null and association != '' ">
      association = #{association},
     </if>
     <if test="assure != null and assure != '' ">
      assure = #{assure},
     </if>
     <if test="riskControl != null and riskControl != '' ">
      riskControl = #{riskControl},
     </if>
    </set>
    where productIdentifier = #{productIdentifier}
  </update>
</mapper>
