<?xml version="1.0" encoding="UTF-8"?>
<!DOCTYPE mapper PUBLIC "-//mybatis.org//DTD Mapper 3.0//EN" 
"http://mybatis.org/dtd/mybatis-3-mapper.dtd">
<mapper namespace="com.admin_fixed.dao.ProductagreementMapper">
  <sql id="baseSql">
    paid,
	productNo,
	accAgreemContent,
	conAgreemContent,
	accName,
	conName
  </sql>
   <insert id="save" parameterType="Productagreement">
    insert into productagreement
    <trim prefix="(" suffix=")" suffixOverrides="," >
      <if test="productNo != null" >
        productNo,
      </if>
      <if test="accAgreemContent != null" >
        accAgreemContent,
      </if>
      <if test="conAgreemContent != null" >
        conAgreemContent,
      </if>
      <if test="accName != null" >
        accName,
      </if>
      <if test="conName != null" >
        conName,
      </if>
    </trim>
    <trim prefix="values (" suffix=")" suffixOverrides="," >
      <if test="productNo != null" >
       #{productNo},
      </if>
      <if test="accAgreemContent != null" >
        #{accAgreemContent},
      </if>
      <if test="conAgreemContent != null" >
        #{conAgreemContent},
      </if>
        <if test="accName != null" >
        #{accName},
      </if>
      <if test="conName != null" >
        #{conName},
      </if>
    </trim>
  </insert>
 <select id="getInfo" parameterType="Productagreement" resultType="Productagreement">
    select
    pa.paid as paid,
    pa.productNo as productNo,
	pa.accAgreemContent as accAgreemContent,
	pa.conAgreemContent as conAgreemContent,
	pa.accName as accName,
	pa.conName as conName
	from productagreement pa inner join product p on  pa.productNo = p.productNo where pa.productNo = #{productNo}
 </select>
 
 <update id="updatePaContent" parameterType="Productagreement">
   update productagreement
   <set>
     <choose>
       <when test="ptype != null and ptype != ''">
            <if test="ptype == 'pacc'">
            accAgreemContent = #{accAgreemContent}
            </if>
              <if test="ptype == 'pcon'">
               conAgreemContent = #{conAgreemContent}
            </if>
       </when>
     </choose>
   </set>
   where productNo = #{productNo}
 </update>
</mapper>
