<?xml version="1.0" encoding="UTF-8"?>
<!DOCTYPE mapper PUBLIC "-//mybatis.org//DTD Mapper 3.0//EN" 
"http://mybatis.org/dtd/mybatis-3-mapper.dtd">
<mapper namespace="com.admin_fixed.dao.ProductextendDao">

<sql id="baseSql">
	id,
	productIdentifier,
	productPayBatchNo,
	excuteTime,
	payFrom

</sql>
 <insert id="save" parameterType="Productextend">
          insert into backend_return_product (productIdentifier, productPayBatchNo,excuteTime,payFrom)
    values
          (#{productIdentifier}, #{productPayBatchNo},NOW(),#{payFrom})
 </insert>
 
 <select id="getInfo" parameterType="Productextend" resultType="Productextend">
    select 
    <include refid="baseSql"/>
     from backend_return_product  where productIdentifier = #{productIdentifier} and payFrom = #{payFrom}
 </select>
 <select id="getInfos" parameterType="Productextend" resultType="Productextend">
    select 
    <include refid="baseSql"/>
     from backend_return_product  where productIdentifier = #{productIdentifier} and payFrom = #{payFrom}
 </select>
 <select id="getProductextendByExcTime"  resultType="Productextend" parameterType="Integer">
   select 
   <include refid="baseSql"/>
   from backend_return_product WHERE (DATE_FORMAT(excuteTime,'%Y-%m-%d') BETWEEN  DATE_SUB( CURDATE(), INTERVAL 1 DAY) AND  DATE_FORMAT(NOW(),'%Y-%m-%d')) AND payFrom = #{payFrom}
 </select>
</mapper>
