<?xml version="1.0" encoding="UTF-8" ?>
<!DOCTYPE mapper
	PUBLIC "-//mybatis.org//DTD Mapper 3.0//EN"
	"http://mybatis.org/dtd/mybatis-3-mapper.dtd">
<mapper namespace="com.admin_fixed.dao.ScheduleCtrlDao">

	<sql id="selectId">
          select 
       	  scheduleId,
		  jvmNum,
		  jobName,
		  jobStatus,
		  jobDetail,
		  execFlag,
		  lastexecFlag,
		  lastexecTime
		from
		  ScheduleCtrl t 
    </sql>
		
		<sql id="selectId1">
       	  scheduleId,
		  jvmNum,
		  jobName,
		  jobStatus,
		  jobDetail,
		  execFlag,
		  lastexecFlag,
		  lastexecTime
    </sql>
    
   <!-- <insert id="insert" parameterType="ScheduleCtrl">
        insert into ScheduleCtrl (scheduleid,jvmnum,jobname, jobstatus,jobdetail,execflag,lastexecflag,lastexectime)
				  values(
				    SEQ_SCHEDULEID.nextval,
				    #{jvmnum},
				    #{jobname},
				    #{jobstatus},
				    #{jobdetail},
				    #{execflag},
				    #{lastexecflag},
				    #{lastexectime}
				    )
    </insert> -->
    
    <!-- 修改成功标志 -->
    <update id="updateSchedule" parameterType="ScheduleCtrl">
    	    update ScheduleCtrl set 
		        lastExecFlag=#{lastExecFlag},lastExecTime=NOW()  
		      	where 1=1 
		      	<if test="scheduleId !=null and scheduleId!=''">
		    		and scheduleId=#{scheduleId}
		    	</if>
		      	<if test="jobName !=null and jobName!=''">
		    		and jobName=#{jobName}
		    	</if>
    </update>
    
    <!-- 修改启用标志 -->
    <update id="updateExecFlag" parameterType="ScheduleCtrl" >
    	    update ScheduleCtrl set 
		        execFlag=#{execFlag},lastExecTime=NOW()  
		      	where 1=1 
		      	<if test="scheduleId !=null and scheduleId!=''">
		    		and scheduleId=#{scheduleId}
		    	</if>
		      	<if test="jobName !=null and jobName!=''">
		    		and jobName=#{jobName}
		    	</if>		    	
    </update>
    
    <select id="findByName" resultType="ScheduleCtrl">
        <include refid="selectId"/>
       	where 1=1 
       	<if test="jobName!=null and jobName!=''">
    		and t.jobname like '%' #{jobName} '%'
    	</if> 
       	<if test="execFlag!=null and execFlag!=''">
    		and t.execFlag = #{execFlag}
    	</if> 
       	<if test="lastExecFlag!=null and lastExecFlag!=''">
    		and t.lastExecFlag = #{lastExecFlag}
    	</if> 
    </select>
 <select id="getByPage" parameterType="Map" resultType="ScheduleCtrl">
          select 
            <include refid="selectId1"/> 
          from
		  ScheduleCtrl t
		  <where>
		       	<if test="t.jobName!=null and t.jobName!=''">
		    		and t.jobname like '%' #{t.jobName} '%'
		    	</if> 
         </where>
  </select>
  
  
</mapper>