<?xml version="1.0" encoding="UTF-8"?>
<!DOCTYPE mapper PUBLIC "-//mybatis.org//DTD Mapper 3.0//EN" 
"http://mybatis.org/dtd/mybatis-3-mapper.dtd">
<mapper namespace="com.admin_voucher.dao.UserAttributesDao">
  <sql id="baseSql">
    ua.userIdentifier as userIdentifier,
  	ui.realName as realName,
	u.cellphone as cellphone,
	COUNT(ui.userIdentifier) as totalCount,
	COUNT(v.recommendUuid) as successCount,
	waitingCount
  </sql>
<select id="getByPage" parameterType="Map" resultType="InviterInfoDTOResult">
   SELECT  ua.userIdentifier,ui.realName,u.cellphone,COUNT(ui.userIdentifier)AS totalCount,COUNT(v.recommendUuid)AS successCount
           FROM userAttributes ua
           LEFT JOIN userrealinfo ui ON ua.userIdentifier=ui.userIdentifier
           LEFT JOIN voucher v ON ua.beInvitedUuid=v.recommendUuid
           LEFT JOIN users u ON ua.userIdentifier=u.userIdentifier
           <where> 
             1=1 
		        <if test="t.realName !=null and t.realName !=''">
		    		and ui.realName=#{t.realName}
		    	</if>	
		   </where>
           GROUP BY ua.userIdentifier	
 </select>
 
 <select id="getInviteeInfoByPage" parameterType="Map" resultType="InviteeInfoDTOResult">
   SELECT ua.userIdentifier,u.signUpTime,u.cellphone,ui.realName,MIN(o.createdAt) AS investTime
          FROM userAttributes ua
          INNER JOIN users u ON ua.beInvitedUuid = u.userIdentifier
          INNER JOIN userrealinfo ui ON ua.beInvitedUuid = ui.userIdentifier
          LEFT JOIN orders o ON ua.beInvitedUuid = o.userIdentifier       
    <where>
	 <if test="t.userIdentifier != null and t.userIdentifier != ''">
	          ua.userIdentifier = #{t.userIdentifier}
	 </if>
	 and o.orderStatus in(20,50,60)
	</where>
	 GROUP BY o.userIdentifier	
 </select>
</mapper>
