<?xml version="1.0" encoding="UTF-8"?>
<!DOCTYPE mapper PUBLIC "-//mybatis.org//DTD Mapper 3.0//EN" 
"http://mybatis.org/dtd/mybatis-3-mapper.dtd">
<mapper namespace="com.balance.dao.UserAccountManageDao">

<select id="getByPage"   parameterType="Map"  resultType="BalanceAmount">
 SELECT   ur.realName,u.cellphone,ur.userIdentifier
        FROM userrealinfo ur left join users u on ur.userIdentifier=u.userIdentifier
        <where>
        <if test="t.cellphone != null and t.cellphone!= ''">
                u.cellphone = #{t.cellphone}
        </if>
        </where>
 </select>
 
<select id="getDueInInfo"   parameterType="Map"  resultType="BalanceAmount">
 SELECT  SUM(interest) as dueInIncome,SUM(amount) as dueInAmount,userIdentifier  FROM orders     
        <where>
        <if test="t.userIdentifier != null and t.userIdentifier!= ''">
                userIdentifier = #{t.userIdentifier}
        </if>
	            and orderStatus=20
        </where>
        GROUP BY userIdentifier
 </select>
 
 <select id="getAccAmount"   parameterType="Map"  resultType="BalanceAmount">
 SELECT  SUM(interest) as accumulatedIncome,userIdentifier FROM orders 
        <where>
        <if test="t.userIdentifier != null and t.userIdentifier!= ''">
                userIdentifier = #{t.userIdentifier}
        </if>
	            and orderStatus=60
        </where>
        GROUP BY userIdentifier
 </select>
</mapper>
