<?xml version="1.0" encoding="UTF-8"?>
<!DOCTYPE mapper PUBLIC "-//mybatis.org//DTD Mapper 3.0//EN" 
"http://mybatis.org/dtd/mybatis-3-mapper.dtd">
<mapper namespace="com.admin_voucher.dao.VoucherDao">
<sql id="baseSql">
	v.id as id,
	v.voucherNo as voucherNo,
	v.voucherName as voucherName,
	v.expiredTime as expiredTime,
	v.effectiveTime as effectiveTime,
	v.useState as useState,
	v.amount as amount,
	v.orderNo as orderNo,
	v.useDate as useDate,
	v.userIdentifier as userIdentifier,
	v.recommendUuid as recommendUuid,
	v.activityName as activityName,
	ui1.realName as realName,
	u.cellphone as cellphone,
	ui2.realName as loginName
  </sql>
  
<select id="getByPage" parameterType="Map" resultType="Voucher">
    select
       <include refid="baseSql"/>
        from caifu_wealth.voucher v 
        left join caifu_wealth.userrealinfo ui1 on v.userIdentifier=ui1.userIdentifier 
        left join caifu_wealth.users u on v.userIdentifier=u.userIdentifier 
        left join caifu_wealth.userrealinfo ui2 on v.recommendUuid=ui2.userIdentifier 
       <where>
	 <if test="t.effectiveTime != null and t.effectiveTime != ''">
	          effectiveTime = #{t.effectiveTime}
	 </if>
	  <if test="t.useState != null and t.useState != ''">
	         and  useState = #{t.useState}
	 </if>
	 <if test="t.useDate != null and t.useDate != ''">
	         and useDate = #{t.useDate}
	 </if>
	</where>
        order by id desc
  </select>
  
  <select id="getPersonalVoucherByPage" parameterType="Map" resultType="Voucher">
    select
       <include refid="baseSql"/>
        from caifu_wealth.voucher v 
        left join caifu_wealth.userrealinfo ui1 on v.userIdentifier=ui1.userIdentifier 
        left join caifu_wealth.users u on v.userIdentifier=u.userIdentifier 
        left join caifu_wealth.userrealinfo ui2 on v.recommendUuid=ui2.userIdentifier 
       <where>
	 <if test="t.userIdentifier != null and t.userIdentifier != ''">
	          ui1.userIdentifier = #{t.userIdentifier}
	 </if>
	</where>
        order by id desc
  </select>
</mapper>
