<?xml version="1.0" encoding="UTF-8"?>
<!DOCTYPE mapper PUBLIC "-//mybatis.org//DTD Mapper 3.0//EN" 
"http://mybatis.org/dtd/mybatis-3-mapper.dtd">
<mapper namespace="com.balance.dao.WCRecordsDao">
  <sql id="baseSql">
    cr.id as id,
	cr.orderNo as orderNo,
	cr.userIdentifier as userIdentifier,
	cr.applyDate as applyDate,
	cr.checkDate as checkDate,
	cr.paySource as paySource,
	cr.bankName as bankName,
	cr.bankCardNo as bankCardNo,
	cr.applyAmount as applyAmount,
	cr.fee as fee,
	cr.actualAmout as actualAmout,
	cr.checkStatus as checkStatus,
	cr.ip as ip,
	cr.province as province,
	cr.city as city,
	ur.credentialNo as idCard,
	u.cellphone as cellphone,
    ur.realName as realName,
    usb.verifiedTime as verifiedTime
  </sql>
  <sql id="baseSql2">
    id,
	orderNo,
	userIdentifier,
	applyDate,
	checkDate,
	paySource,
	bankName,
	bankCardNo,
	applyAmount,
	fee,
	actualAmout,
	checkStatus,
	ip,
	province,
	city
  </sql>
  <select id="totalGreaterCount" parameterType="WCRecords" resultType="Integer">
     select count(*) from withdraw_check_records where checkStatus = #{checkStatus} and DATE_FORMAT(applyDate,'%Y-%m-%d-%T')  &lt;=  DATE_FORMAT(#{applyDate},'%Y-%m-%d-%T')
  </select>
   <select id="totalGreaterMoney" parameterType="WCRecords" resultType="decimal">
     select sum(applyAmount) from withdraw_check_records where checkStatus = #{checkStatus} and DATE_FORMAT(applyDate,'%Y-%m-%d-%T')  &lt;=  DATE_FORMAT(#{applyDate},'%Y-%m-%d-%T')
  </select>
  
   <select id="getByPage" parameterType="Map" resultType="WCRecords">
	select 
    <include refid="baseSql"/>	
	from withdraw_check_records  cr 
	inner join users u 
	on 
	cr.userIdentifier = u.userIdentifier 
	inner join userrealinfo ur on u.userIdentifier = ur.userIdentifier
	inner join usersbankcards usb on usb.bankCardNo = cr.bankCardNo
	<where>
	   (cr.checkStatus = 0  or  cr.checkStatus = 2 ) and DATE_FORMAT(cr.applyDate,'%Y-%m-%d-%T')  &lt;=  DATE_FORMAT(#{t.applyDate},'%Y-%m-%d-%T')
<!-- 	   <if test="t != null"> -->
          <if test="t.cellphone != null and t.cellphone !='' ">	  
           and u.cellphone = #{t.cellphone} 
	      </if> 
<!-- 	   </if> -->
	</where> 
	order by cr.checkStatus asc, cr.applyDate desc
 </select>
<update id="updateWCRecords" parameterType="WCRecords">
 update withdraw_check_records set checkDate = #{checkDate},checkStatus = #{checkStatus} where orderNo = #{orderNo}
</update>
<select id="getWCRecordsByCondition" parameterType="WCRecords" resultType="WCRecords">
 select <include refid="baseSql2"/> from withdraw_check_records where orderNo = #{orderNo}
</select>
<select id="getWCRecordsByUser" parameterType="WCRecords" resultType="WCRecords">
  select <include refid="baseSql2"/> from withdraw_check_records where userIdentifier = #{userIdentifier} and checkStatus = 4
</select>
<select id="getWCRecordsByUserAndCard" parameterType="WCRecords" resultType="WCRecords">
  select <include refid="baseSql2"/> from withdraw_check_records where userIdentifier = #{userIdentifier} and bankCardNo = #{bankCardNo}  and checkStatus = 4
</select>
<select id="getWithdrawCount"  resultType="Integer" parameterType="WCRecords">
  select count(*) from withdraw_check_records where 
  checkStatus = 4 and applyDate between DATE_ADD(curdate(),interval -day(curdate())+1 day) and curdate() and userIdentifier = #{userIdentifier}
</select>
  <select id="getAllWithdraw" parameterType="Map" resultType="WCRecords">
    select 
    <include refid="baseSql"/>	
	from withdraw_check_records  cr 
	inner join users u 
	on 
	cr.userIdentifier = u.userIdentifier 
	inner join userrealinfo ur on u.userIdentifier = ur.userIdentifier
	inner join usersbankcards usb on usb.bankCardNo = cr.bankCardNo
	<where>
	   (cr.checkStatus = 0) and DATE_FORMAT(cr.applyDate,'%Y-%m-%d-%T')  &lt;=  DATE_FORMAT(#{t.applyDate},'%Y-%m-%d-%T')
	</where> 
	order by cr.checkStatus asc
  </select>
 
 <update id="updateWithdrawStatus" parameterType="WithdrawConfirm">
    update withdraw_check_records set checkStatus = 3 where orderNo = #{orderNo} and checkStatus = 0
 </update>

</mapper>
