<?xml version="1.0" encoding="UTF-8" ?>
<!DOCTYPE configuration PUBLIC "-//mybatis.org//DTD Config 3.0//EN" 
"http://mybatis.org/dtd/mybatis-3-mapper.dtd">
<configuration>
	<!-- <settings> -->
	<!-- <setting name="cacheEnabled" value="true" /> -->
	<!-- </settings> -->
	<properties>
		<property name="dialect" value="mysql" />
		<property name="pageSqlId" value=".*Page$" />
	</properties>
	<typeAliases>
		<typeAlias type="com.admin_base.model.Users" alias="Users" />
		<typeAlias type="com.admin_base.model.Vericodes" alias="Vericodes" />
		<typeAlias type="com.admin_base.model.UserPaymentinfo"
			alias="UserPaymentinfo" />
		<typeAlias type="com.admin_base.model.UserRealinfo" alias="UserRealinfo" />
		<typeAlias type="com.admin_base.model.UsersBankCards" alias="UsersBankCards" />
		<typeAlias type="com.admin_base.model.UsersBankCardRecords"
			alias="UsersBankCardRecords" />
		<typeAlias type="com.admin_base.model.Yilianpay" alias="Yilianpay" />
		<typeAlias type="com.admin_base.model.Feedbacks" alias="Feedbacks" />
		<typeAlias type="com.admin_base.model.BookProducts" alias="BookProducts" />
		<typeAlias type="com.admin_base.model.Product" alias="Product" />
		<typeAlias type="com.admin_base.model.ProductAgreementTemplate"
			alias="Agreement" />
		<typeAlias type="com.admin_base.model.Productagreement"
			alias="Productagreement" />
		<typeAlias type="com.admin_base.model.Orders" alias="Orders" />
		<typeAlias type="com.admin_base.dto.response.OrderDetailDTOResult"
			alias="OrderDetailDTOResult" />
		<typeAlias type="com.admin_base.model.Productextend" alias="Productextend" />
		<typeAlias type="com.admin_base.model.ScheduleCtrl" alias="ScheduleCtrl" />
		<typeAlias type="com.admin_base.model.Backendrecord" alias="Backendrecord" />
		<typeAlias type="com.admin_base.model.JobRecord" alias="JobRecord" />
		<typeAlias type="com.admin_base.model.OrdersEx" alias="OrdersEx" />
		<typeAlias type="com.admin_base.model.ProductDesc" alias="ProductDesc" />
		<typeAlias type="com.admin_base.model.CAProdcutpackage"
			alias="CAProdcutpackage" />
		<typeAlias type="com.admin_base.model.CAproductsHistory"
			alias="CAproductsHistory" />
		<typeAlias type="com.admin_base.model.CAproducts" alias="CAproducts" />
		<typeAlias type="com.admin_current.dto.response.GetUserRedeemResponse"
			alias="GetUserRedeemResponse" />
		<typeAlias type="com.admin_base.model.ProductEnterprise"
			alias="ProductEnterprise" />
		<typeAlias type="com.admin_base.model.EnterprisePayMoneyRecords"
			alias="EnterprisePayMoneyRecords" />
		<typeAlias type="com.admin_base.dto.request.EnPayMoneyDTO"
			alias="EnPayMoneyDTO" />
		<typeAlias type="com.admin_base.dto.request.SreceivedPaymentDTO"
			alias="SreceivedPaymentDTO" />
		<typeAlias type="com.admin_base.model.UserAttributes" alias="UserAttributes" />
		<typeAlias type="com.admin_base.model.DailyUsersStatistics"
			alias="DailyUsersStatistics" />
		<typeAlias type="com.admin_base.model.Voucher" alias="Voucher" />
		<typeAlias type="com.admin_base.dto.response.InviterInfoDTOResult"
			alias="InviterInfoDTOResult" />
		<typeAlias type="com.admin_base.dto.response.InviteeInfoDTOResult"
			alias="InviteeInfoDTOResult" />
		<typeAlias type="com.admin_base.dto.response.ActivityOCTStatisticDTOResult"
			alias="ActivityOCTStatisticDTOResult" />
		<typeAlias type="com.admin_base.model.GlobalParameter"
			alias="GlobalParameter" />
		<typeAlias type="com.admin_base.model.WCRecords" alias="WCRecords" />
		<typeAlias type="com.admin_base.model.BalanceAmount" alias="BalanceAmount" />
		<typeAlias type="com.admin_base.model.WithdrawConfirm" alias="WithdrawConfirm" />
	</typeAliases>
	<plugins>
		<plugin interceptor="com.admin_base.mybatis.plug.PageInterceptor"></plugin>
	</plugins>
</configuration>
