<?xml version="1.0" encoding="UTF-8"?>
<beans xmlns="http://www.springframework.org/schema/beans"
	xmlns:xsi="http://www.w3.org/2001/XMLSchema-instance" xmlns:p="http://www.springframework.org/schema/p"
	xmlns:aop="http://www.springframework.org/schema/aop" xmlns:context="http://www.springframework.org/schema/context"
	xmlns:tx="http://www.springframework.org/schema/tx"
	xsi:schemaLocation="http://www.springframework.org/schema/beans http://www.springframework.org/schema/beans/spring-beans-3.0.xsd
						http://www.springframework.org/schema/tx http://www.springframework.org/schema/tx/spring-tx-3.0.xsd   
           				http://www.springframework.org/schema/aop http://www.springframework.org/schema/aop/spring-aop-3.0.xsd   
           				http://www.springframework.org/schema/context http://www.springframework.org/schema/context/spring-context-3.0.xsd" default-lazy-init="true">
	<!-- 线程执行器配置 -->
	<bean id="executorJob" class="org.springframework.scheduling.concurrent.ThreadPoolTaskExecutor">
		 <property name="corePoolSize" value="10" />	<!-- 线程池维护线程的最少数量 -->
		 <property name="maxPoolSize" value="100" />	<!-- 线程池维护线程的最大数量 -->
		 <property name="queueCapacity" value="500" />	<!-- 线程池所使用的缓冲队列 -->
	</bean>
	<bean id="verifyJobService" class="com.admin_fixed.service.impl.VerifyJobServiceImpl" />
	<bean id="jobRecordService" class="com.admin_fixed.service.impl.JobRecordServiceImpl" />
	<bean name="startQuertz" lazy-init="true" autowire="no" class="org.springframework.scheduling.quartz.SchedulerFactoryBean">
		<property name="triggers">
			<list>
			<ref bean="OrderpaymentBatchQueryJobTrigger" />
			<ref bean="DailyUsersStatisticsBatchQueryJobTrigger" />
			</list>
		</property>
		<property name="taskExecutor" ref="executorJob"/>
	</bean>
	 <bean id="OrderpaymentBatchQueryJobTrigger" class="org.springframework.scheduling.quartz.CronTriggerBean"> 
		<property name="jobDetail" ref="OrderpaymentBatchQueryJob" /><!-- 引用的ref值和数据中存储的值是一致的 -->
		<property name="cronExpression" value="${OrderpaymentBatchQueryTime}" /> 
	</bean> 
	<bean id="OrderpaymentBatchQueryJob" class="org.springframework.scheduling.quartz.MethodInvokingJobDetailFactoryBean">
		<property name="targetObject" ref="orderpaymentBatchQuery" />
		<property name="targetMethod" value="doQuartz"/>
		<property name="concurrent" value="false"/>
	</bean>
	 <bean id="DailyUsersStatisticsBatchQueryJobTrigger" class="org.springframework.scheduling.quartz.CronTriggerBean"> 
		<property name="jobDetail" ref="DailyUsersStatisticsBatchQueryJob" /><!-- 引用的ref值和数据中存储的值是一致的 -->
		<property name="cronExpression" value="${DailyUsersStatisticsBatchQueryTime}" /> 
	</bean> 
	<bean id="DailyUsersStatisticsBatchQueryJob" class="org.springframework.scheduling.quartz.MethodInvokingJobDetailFactoryBean">
		<property name="targetObject" ref="dailyUsersStatisticsBatchQuery" />
		<property name="targetMethod" value="doQuartz"/>
		<property name="concurrent" value="false"/>
	</bean>
</beans>