<?xml version="1.0" encoding="UTF-8"?>
<beans xmlns="http://www.springframework.org/schema/beans"
    xmlns:xsi="http://www.w3.org/2001/XMLSchema-instance" xmlns:p="http://www.springframework.org/schema/p"
    xmlns:context="http://www.springframework.org/schema/context"
    xmlns:tx="http://www.springframework.org/schema/tx"
    xmlns:mvc="http://www.springframework.org/schema/mvc"
    xsi:schemaLocation="http://www.springframework.org/schema/beans
        http://www.springframework.org/schema/beans/spring-beans-4.1.xsd
        http://www.springframework.org/schema/context
        http://www.springframework.org/schema/context/spring-context-4.1.xsd
        	http://www.springframework.org/schema/tx 
	http://www.springframework.org/schema/tx/spring-tx-4.0.xsd
        http://www.springframework.org/schema/mvc
        http://www.springframework.org/schema/mvc/spring-mvc-4.1.xsd">
    <context:component-scan base-package="com.*.*" />
    <mvc:annotation-driven />
     <mvc:resources mapping="/static/**" location="/static/"/>
    <tx:annotation-driven transaction-manager="transactionManager"/>
    
    <bean id="viewResolver" class="org.springframework.web.servlet.view.InternalResourceViewResolver">
    	<property name="viewClass" value="org.springframework.web.servlet.view.JstlView"/>
        <property name="prefix" value="/static/jsp/" />
        <property name="suffix" value=".jsp" />
    </bean>
</beans>
