<?xml version="1.0" encoding="UTF-8"?>
<beans xmlns="http://www.springframework.org/schema/beans"
	xmlns:xsi="http://www.w3.org/2001/XMLSchema-instance" xmlns:int="http://www.springframework.org/schema/integration"
	xmlns:int-amqp="http://www.springframework.org/schema/integration/amqp"
	xmlns:rabbit="http://www.springframework.org/schema/rabbit"
	xmlns:int-stream="http://www.springframework.org/schema/integration/stream"
	xsi:schemaLocation="http://www.springframework.org/schema/integration/amqp http://www.springframework.org/schema/integration/amqp/spring-integration-amqp.xsd
		http://www.springframework.org/schema/integration http://www.springframework.org/schema/integration/spring-integration.xsd 
 		http://www.springframework.org/schema/integration/stream http://www.springframework.org/schema/integration/stream/spring-integration-stream.xsd 
 		http://www.springframework.org/schema/rabbit http://www.springframework.org/schema/rabbit/spring-rabbit-1.4.xsd
 		http://www.springframework.org/schema/beans http://www.springframework.org/schema/beans/spring-beans.xsd">
<!--   链接RabitMQ服务器 -->
 <rabbit:connection-factory id="connectionFactory" host="${rabitmq.host}" username="${rabitmq.username}" password="${rabitmq.userpassword}" port="${rabitmq.port}" virtual-host="${rabitmq.virtualhost}"/>
	<!-- 工厂 -->
	<rabbit:admin connection-factory="connectionFactory" />
	<rabbit:template id="amqpTemplate" connection-factory="connectionFactory"
		exchange="yjcfExchange"/>
	<rabbit:queue name="paymentcallQueue"/>
	<rabbit:direct-exchange name="yjcfExchange">
	   <rabbit:bindings>
	     <rabbit:binding  key="sreceivedpayment_key" queue="paymentcallQueue"/>
	   </rabbit:bindings>
	</rabbit:direct-exchange>
	<rabbit:listener-container
		connection-factory="connectionFactory">
		<rabbit:listener ref="paymentcallListener" method="listen"
			queue-names="paymentcallQueue" />
	</rabbit:listener-container>
	<bean id="paymentcallListener" class="com.admin_fixed.mq.PaymentcallListener"></bean>
	
	
	<rabbit:queue name="withdrawcallQueue"/>
	<rabbit:direct-exchange name="yjcfExchange">
	   <rabbit:bindings>
	     <rabbit:binding  key="sreceivedpayment_key_2" queue="withdrawcallQueue"/>
	   </rabbit:bindings>
	</rabbit:direct-exchange>
	<rabbit:listener-container
		connection-factory="connectionFactory">
		<rabbit:listener ref="withdrawcallistener" method="listen"
			queue-names="withdrawcallQueue" />
	</rabbit:listener-container>
	<bean id="withdrawcallistener" class="com.balance.mq.WithdrawcallListener"></bean>
</beans>
